insert into user (id, email, password, create_date) VALUES ('a', 'test@email.com', '{bcrypt}$2a$10$wq1FE6qSyJGi/vhQ4/b82uU.6n.g6b6mhLChG9Xb8K5rcKgLyeZcq', now());
insert into user (id, email, password, create_date) VALUES ('b', 'test2@email.com', '11111111', now());
insert into user (id, email, password, create_date) VALUES ('c', 'test3@email.com', '11111111', now());
insert into user (id, email, password, removed, create_date) VALUES ('d', 'test4@email.com', '11111111', 1, now());

insert into account_type (id, name, create_date, user_id) VALUES ('a', '現金', now(), 'a');
insert into account_type (id, name, create_date, user_id) VALUES ('b', '銀行', now(), 'a');
insert into account_type (id, name, create_date, user_id) VALUES ('c', '信用卡', now(), 'a');
insert into account_type (id, name, create_date, user_id) VALUES ('e', '現金', now(), 'b');
insert into account_type (id, name, create_date, user_id) VALUES ('f', '銀行', now(), 'b');

insert into account (id, name, money, create_date, user_id, account_type_id) VALUES ('a', '玉山', 1000, now(), 'a', 'b');
insert into account (id, name, money, create_date, user_id, account_type_id) VALUES ('b', '中國信託', 1000, now(), 'a', 'b');
insert into account (id, name, money, create_date, user_id, account_type_id) VALUES ('c', '郵局', 1000, now(), 'a', 'b');
insert into account (id, name, money, create_date, user_id, account_type_id) VALUES ('d', '現金', 1000, now(), 'a', 'a');
insert into account (id, name, money, create_date, user_id, account_type_id) VALUES ('e', '永豐信用卡', 1000, now(), 'a', 'c');
insert into account (id, name, money, create_date, user_id, account_type_id, removed) VALUES ('f', '永豐', 1000, now(), 'a', 'c', 1);
insert into account (id, name, money, create_date, user_id, account_type_id) VALUES ('g', '中國信託', 1000, now(), 'b', 'b');
insert into account (id, name, money, create_date, user_id, account_type_id) VALUES ('h', '郵局', 1000, now(), 'b', 'b');
insert into account (id, name, money, create_date, user_id, account_type_id) VALUES ('i', '現金', 1000, now(), 'b', 'a');
insert into account (id, name, money, create_date, user_id, account_type_id, removed) VALUES ('j', '永豐', 1000, now(), 'b', 'c', 1);

insert into item (id, name, create_date, user_id) VALUES ('a', '用餐', now(), 'a');
insert into item (id, name, create_date, user_id) VALUES ('b', '睡覺', now(), 'a');
insert into item (id, name, create_date, user_id) VALUES ('c', '大便', now(), 'a');
insert into item (id, name, create_date, user_id) VALUES ('e', '用餐', now(), 'b');
insert into item (id, name, create_date, user_id) VALUES ('f', '睡覺', now(), 'b');

insert into trade (id, money, trade_type, trade_date, create_date, user_id, account_id, item_id) values ('a', 10, '1', now(), now(), 'a', 'a', 'a');
insert into trade (id, money, trade_type, trade_date, create_date, user_id, account_id, item_id, removed) select replace(uuid(), '-', ''), 100, '1', now(), now(), 'a', 'a', 'a', true from dual;
insert into trade (id, money, trade_type, trade_date, create_date, user_id, account_id, item_id, removed) select replace(uuid(), '-', ''), 100, '1', now(), now(), 'a', 'a', 'a', true from dual;
insert into trade (id, money, trade_type, trade_date, create_date, user_id, account_id, item_id, removed) select replace(uuid(), '-', ''), 100, '1', now(), now(), 'a', 'a', 'a', true from dual;
insert into trade (id, money, trade_type, trade_date, create_date, user_id, account_id, item_id, removed) select replace(uuid(), '-', ''), 100, '1', now(), now(), 'a', 'a', 'a', true from dual;
insert into trade (id, money, trade_type, trade_date, create_date, user_id, account_id, item_id, removed) select replace(uuid(), '-', ''), 100, '1', now(), now(), 'a', 'a', 'a', true from dual;
insert into trade (id, money, trade_type, trade_date, create_date, user_id, account_id, item_id, removed) select replace(uuid(), '-', ''), 100, '1', now(), now(), 'a', 'a', 'a', true from dual;
insert into trade (id, money, trade_type, trade_date, create_date, user_id, account_id, item_id, removed) select replace(uuid(), '-', ''), 100, '1', now(), now(), 'a', 'a', 'a', true from dual;
insert into trade (id, money, trade_type, trade_date, create_date, user_id, account_id, item_id, removed) select replace(uuid(), '-', ''), 100, '1', now(), now(), 'a', 'a', 'a', true from dual;
insert into trade (id, money, trade_type, trade_date, create_date, user_id, account_id, item_id, removed) select replace(uuid(), '-', ''), 100, '1', now(), now(), 'a', 'a', 'a', true from dual;
insert into trade (id, money, trade_type, trade_date, create_date, user_id, account_id, item_id, removed) select replace(uuid(), '-', ''), 100, '1', now(), now(), 'a', 'a', 'a', true from dual;
insert into trade (id, money, trade_type, trade_date, create_date, user_id, account_id, item_id, removed) select replace(uuid(), '-', ''), 100, '1', now(), now(), 'a', 'a', 'a', true from dual;
insert into trade (id, money, trade_type, trade_date, create_date, user_id, account_id, item_id, removed) select replace(uuid(), '-', ''), 1000, '1', now(), now(), 'b', 'a', 'a', true from dual;
insert into trade (id, money, trade_type, trade_date, create_date, user_id, account_id, item_id, removed) select replace(uuid(), '-', ''), 1001, '1', now(), now(), 'b', 'a', 'a', true from dual;
insert into trade (id, money, trade_type, trade_date, create_date, user_id, account_id, item_id, removed) select replace(uuid(), '-', ''), 1002, '1', now(), now(), 'b', 'a', 'a', true from dual;
insert into trade (id, money, trade_type, trade_date, create_date, user_id, account_id, item_id) select replace(uuid(), '-', ''), 100, '1', now(), now(), 'a', 'a', 'a' from dual;
insert into trade (id, money, trade_type, trade_date, create_date, user_id, account_id, item_id) select replace(uuid(), '-', ''), 101, '1', now(), now(), 'a', 'a', 'a' from dual;
insert into trade (id, money, trade_type, trade_date, create_date, user_id, account_id, item_id) select replace(uuid(), '-', ''), 102, '1', now(), now(), 'a', 'a', 'a' from dual;
insert into trade (id, money, trade_type, trade_date, create_date, user_id, account_id, item_id) select replace(uuid(), '-', ''), 103, '1', now(), now(), 'a', 'a', 'a' from dual;
insert into trade (id, money, trade_type, trade_date, create_date, user_id, account_id, item_id) select replace(uuid(), '-', ''), 104, '1', now(), now(), 'a', 'a', 'a' from dual;
insert into trade (id, money, trade_type, trade_date, create_date, user_id, account_id, item_id) select replace(uuid(), '-', ''), 105, '1', now(), now(), 'a', 'a', 'a' from dual;
insert into trade (id, money, trade_type, trade_date, create_date, user_id, account_id, item_id) select replace(uuid(), '-', ''), 106, '1', now(), now(), 'a', 'a', 'a' from dual;
insert into trade (id, money, trade_type, trade_date, create_date, user_id, account_id, item_id) select replace(uuid(), '-', ''), 107, '1', now(), now(), 'a', 'a', 'a' from dual;
insert into trade (id, money, trade_type, trade_date, create_date, user_id, account_id, item_id) select replace(uuid(), '-', ''), 108, '1', now(), now(), 'a', 'a', 'a' from dual;
insert into trade (id, money, trade_type, trade_date, create_date, user_id, account_id, item_id) select replace(uuid(), '-', ''), 109, '1', now(), now(), 'a', 'a', 'a' from dual;
insert into trade (id, money, trade_type, trade_date, create_date, user_id, account_id, item_id) select replace(uuid(), '-', ''), 110, '1', now(), now(), 'a', 'a', 'a' from dual;
insert into trade (id, money, trade_type, trade_date, create_date, user_id, account_id, item_id) select replace(uuid(), '-', ''), 111, '1', now(), now(), 'a', 'a', 'a' from dual;
insert into trade (id, money, trade_type, trade_date, create_date, user_id, account_id, item_id) select replace(uuid(), '-', ''), 112, '1', now(), now(), 'a', 'a', 'a' from dual;
insert into trade (id, money, trade_type, trade_date, create_date, user_id, account_id, item_id) select replace(uuid(), '-', ''), 113, '1', now(), now(), 'a', 'a', 'a' from dual;
insert into trade (id, money, trade_type, trade_date, create_date, user_id, account_id, item_id) select replace(uuid(), '-', ''), 114, '1', now(), now(), 'a', 'a', 'a' from dual;
insert into trade (id, money, trade_type, trade_date, create_date, user_id, account_id, item_id) select replace(uuid(), '-', ''), 115, '1', now(), now(), 'a', 'a', 'a' from dual;
insert into trade (id, money, trade_type, trade_date, create_date, user_id, account_id, item_id) select replace(uuid(), '-', ''), 116, '1', now(), now(), 'a', 'a', 'a' from dual;
insert into trade (id, money, trade_type, trade_date, create_date, user_id, account_id, item_id) select replace(uuid(), '-', ''), 117, '1', now(), now(), 'a', 'a', 'a' from dual;
insert into trade (id, money, trade_type, trade_date, create_date, user_id, account_id, item_id) select replace(uuid(), '-', ''), 118, '1', now(), now(), 'a', 'a', 'a' from dual;
insert into trade (id, money, trade_type, trade_date, create_date, user_id, account_id, item_id) select replace(uuid(), '-', ''), 119, '1', now(), now(), 'a', 'a', 'a' from dual;
insert into trade (id, money, trade_type, trade_date, create_date, user_id, account_id, item_id) select replace(uuid(), '-', ''), 120, '1', now(), now(), 'a', 'a', 'a' from dual;
insert into trade (id, money, trade_type, trade_date, create_date, user_id, account_id, item_id) select replace(uuid(), '-', ''), 121, '1', now(), now(), 'a', 'a', 'a' from dual;
insert into trade (id, money, trade_type, trade_date, create_date, user_id, account_id, item_id) select replace(uuid(), '-', ''), 122, '1', now(), now(), 'a', 'a', 'a' from dual;
insert into trade (id, money, trade_type, trade_date, create_date, user_id, account_id, item_id) select replace(uuid(), '-', ''), 123, '1', now(), now(), 'a', 'a', 'a' from dual;
insert into trade (id, money, trade_type, trade_date, create_date, user_id, account_id, item_id) select replace(uuid(), '-', ''), 124, '1', now(), now(), 'a', 'a', 'a' from dual;
insert into trade (id, money, trade_type, trade_date, create_date, user_id, account_id, item_id) select replace(uuid(), '-', ''), 125, '1', now(), now(), 'a', 'a', 'a' from dual;
insert into trade (id, money, trade_type, trade_date, create_date, user_id, account_id, item_id) select replace(uuid(), '-', ''), 126, '1', now(), now(), 'a', 'a', 'a' from dual;
insert into trade (id, money, trade_type, trade_date, create_date, user_id, account_id, item_id) select replace(uuid(), '-', ''), 127, '1', now(), now(), 'a', 'a', 'a' from dual;
insert into trade (id, money, trade_type, trade_date, create_date, user_id, account_id, item_id) select replace(uuid(), '-', ''), 128, '1', now(), now(), 'a', 'a', 'a' from dual;
insert into trade (id, money, trade_type, trade_date, create_date, user_id, account_id, item_id) select replace(uuid(), '-', ''), 129, '1', now(), now(), 'a', 'a', 'a' from dual;
insert into trade (id, money, trade_type, trade_date, create_date, user_id, account_id, item_id) select replace(uuid(), '-', ''), 130, '1', now(), now(), 'a', 'a', 'a' from dual;
insert into trade (id, money, trade_type, trade_date, create_date, user_id, account_id, item_id) select replace(uuid(), '-', ''), 131, '1', now(), now(), 'a', 'a', 'a' from dual;
insert into trade (id, money, trade_type, trade_date, create_date, user_id, account_id, item_id) select replace(uuid(), '-', ''), 132, '1', now(), now(), 'a', 'b', 'a' from dual;
insert into trade (id, money, trade_type, trade_date, create_date, user_id, account_id, item_id) select replace(uuid(), '-', ''), 133, '1', now(), now(), 'a', 'b', 'a' from dual;
insert into trade (id, money, trade_type, trade_date, create_date, user_id, account_id, item_id) select replace(uuid(), '-', ''), 134, '1', now(), now(), 'a', 'b', 'a' from dual;
insert into trade (id, money, trade_type, trade_date, create_date, user_id, account_id, item_id) select replace(uuid(), '-', ''), 135, '1', now(), now(), 'a', 'b', 'a' from dual;
insert into trade (id, money, trade_type, trade_date, create_date, user_id, account_id, item_id) select replace(uuid(), '-', ''), 136, '1', now(), now(), 'a', 'b', 'a' from dual;
insert into trade (id, money, trade_type, trade_date, create_date, user_id, account_id, item_id) select replace(uuid(), '-', ''), 137, '1', now(), now(), 'a', 'b', 'a' from dual;
insert into trade (id, money, trade_type, trade_date, create_date, user_id, account_id, item_id) select replace(uuid(), '-', ''), 138, '1', now(), now(), 'a', 'b', 'a' from dual;
insert into trade (id, money, trade_type, trade_date, create_date, user_id, account_id, item_id) select replace(uuid(), '-', ''), 139, '1', now(), now(), 'a', 'b', 'a' from dual;
insert into trade (id, money, trade_type, trade_date, create_date, user_id, account_id, item_id) select replace(uuid(), '-', ''), 140, '1', now(), now(), 'a', 'b', 'a' from dual;
insert into trade (id, money, trade_type, trade_date, create_date, user_id, account_id, item_id) select replace(uuid(), '-', ''), 141, '1', now(), now(), 'a', 'b', 'a' from dual;
insert into trade (id, money, trade_type, trade_date, create_date, user_id, account_id, item_id) select replace(uuid(), '-', ''), 142, '1', now(), now(), 'a', 'b', 'a' from dual;
insert into trade (id, money, trade_type, trade_date, create_date, user_id, account_id, item_id) select replace(uuid(), '-', ''), 143, '1', now(), now(), 'a', 'b', 'a' from dual;
insert into trade (id, money, trade_type, trade_date, create_date, user_id, account_id, item_id) select replace(uuid(), '-', ''), 144, '1', now(), now(), 'a', 'b', 'a' from dual;
insert into trade (id, money, trade_type, trade_date, create_date, user_id, account_id, item_id) select replace(uuid(), '-', ''), 145, '1', now(), now(), 'a', 'a', 'a' from dual;
insert into trade (id, money, trade_type, trade_date, create_date, user_id, account_id, item_id) select replace(uuid(), '-', ''), 146, '1', now(), now(), 'a', 'a', 'a' from dual;
insert into trade (id, money, trade_type, trade_date, create_date, user_id, account_id, item_id) select replace(uuid(), '-', ''), 147, '1', now(), now(), 'a', 'a', 'a' from dual;
insert into trade (id, money, trade_type, trade_date, create_date, user_id, account_id, item_id) select replace(uuid(), '-', ''), 148, '1', now(), now(), 'a', 'a', 'a' from dual;
insert into trade (id, money, trade_type, trade_date, create_date, user_id, account_id, item_id) select replace(uuid(), '-', ''), 149, '1', now(), now(), 'a', 'a', 'a' from dual;
insert into trade (id, money, trade_type, trade_date, create_date, user_id, account_id, item_id) select replace(uuid(), '-', ''), 150, '1', now(), now(), 'a', 'a', 'a' from dual;
insert into trade (id, money, trade_type, trade_date, create_date, user_id, account_id, item_id) select replace(uuid(), '-', ''), 151, '1', now(), now(), 'a', 'a', 'a' from dual;
insert into trade (id, money, trade_type, trade_date, create_date, user_id, account_id, item_id) select replace(uuid(), '-', ''), 152, '1', now(), now(), 'a', 'a', 'b' from dual;
insert into trade (id, money, trade_type, trade_date, create_date, user_id, account_id, item_id) select replace(uuid(), '-', ''), 153, '1', now(), now(), 'a', 'a', 'b' from dual;
insert into trade (id, money, trade_type, trade_date, create_date, user_id, account_id, item_id) select replace(uuid(), '-', ''), 154, '1', now(), now(), 'a', 'a', 'b' from dual;
insert into trade (id, money, trade_type, trade_date, create_date, user_id, account_id, item_id) select replace(uuid(), '-', ''), 155, '1', now(), now(), 'a', 'a', 'b' from dual;
insert into trade (id, money, trade_type, trade_date, create_date, user_id, account_id, item_id) select replace(uuid(), '-', ''), 156, '1', now(), now(), 'a', 'a', 'b' from dual;
insert into trade (id, money, trade_type, trade_date, create_date, user_id, account_id, item_id) select replace(uuid(), '-', ''), 157, '1', now(), now(), 'a', 'a', 'b' from dual;
insert into trade (id, money, trade_type, trade_date, create_date, user_id, account_id, item_id) select replace(uuid(), '-', ''), 158, '1', now(), now(), 'a', 'a', 'b' from dual;
insert into trade (id, money, trade_type, trade_date, create_date, user_id, account_id, item_id) select replace(uuid(), '-', ''), 159, '1', now(), now(), 'a', 'a', 'b' from dual;
insert into trade (id, money, trade_type, trade_date, create_date, user_id, account_id, item_id) select replace(uuid(), '-', ''), 160, '1', now(), now(), 'a', 'a', 'b' from dual;
insert into trade (id, money, trade_type, trade_date, create_date, user_id, account_id, item_id) select replace(uuid(), '-', ''), 161, '1', now(), now(), 'a', 'a', 'b' from dual;
insert into trade (id, money, trade_type, trade_date, create_date, user_id, account_id, item_id) select replace(uuid(), '-', ''), 162, '1', now(), now(), 'a', 'a', 'b' from dual;
insert into trade (id, money, trade_type, trade_date, create_date, user_id, account_id, item_id) select replace(uuid(), '-', ''), 163, '1', now(), now(), 'a', 'a', 'b' from dual;
insert into trade (id, money, trade_type, trade_date, create_date, user_id, account_id, item_id) select replace(uuid(), '-', ''), 164, '1', now(), now(), 'a', 'a', 'a' from dual;
insert into trade (id, money, trade_type, trade_date, create_date, user_id, account_id, item_id) select replace(uuid(), '-', ''), 160, '1', now(), now(), 'b', 'g', 'e' from dual;
insert into trade (id, money, trade_type, trade_date, create_date, user_id, account_id, item_id) select replace(uuid(), '-', ''), 161, '1', now(), now(), 'b', 'j', 'e' from dual;
insert into trade (id, money, trade_type, trade_date, create_date, user_id, account_id, item_id) select replace(uuid(), '-', ''), 162, '1', now(), now(), 'b', 'i', 'e' from dual;
insert into trade (id, money, trade_type, trade_date, create_date, user_id, account_id, item_id) select replace(uuid(), '-', ''), 163, '1', now(), now(), 'b', 'g', 'f' from dual;
insert into trade (id, money, trade_type, trade_date, create_date, user_id, account_id, item_id) select replace(uuid(), '-', ''), 164, '1', now(), now(), 'b', 'h', 'f' from dual;

insert into function (id, name, url, icon, sorted) select replace(uuid(), '-', ''), '收支表', 'account-book/content', 'icon-edit', 1 from dual;
insert into function (id, name, sorted) select replace(uuid(), '-', ''), '圖表', 2 from dual;
insert into function (id, name, url, parent_id, sorted) select replace(uuid(), '-', ''), '長條圖', 'chart/bar', select id from function where name = '圖表', 1 from dual;
insert into function (id, name, url, parent_id, sorted) select replace(uuid(), '-', ''), '圓餅圖', 'chart/pie', select id from function where name = '圖表', 2 from dual;
insert into function (id, name, sorted) select replace(uuid(), '-', ''), '設定', 3 from dual;
insert into function (id, name, url, parent_id, sorted) select replace(uuid(), '-', ''), '帳戶', 'account/content', select id from function where name = '設定', 1 from dual;
insert into function (id, name, url, parent_id, sorted) select replace(uuid(), '-', ''), '項目', 'item/content', select id from function where name = '設定', 2 from dual;
insert into function (id, name, url, sorted) select replace(uuid(), '-', ''), '登出', 'logout', 4 from dual;

insert into user_function (user_id, function_id) values (select id from user where email = 'test@email.com', select id from function where name = '收支表');
insert into user_function (user_id, function_id) values (select id from user where email = 'test@email.com', select id from function where name = '圖表');
insert into user_function (user_id, function_id) values (select id from user where email = 'test@email.com', select id from function where name = '長條圖');
insert into user_function (user_id, function_id) values (select id from user where email = 'test@email.com', select id from function where name = '圓餅圖');
insert into user_function (user_id, function_id) values (select id from user where email = 'test@email.com', select id from function where name = '設定');
insert into user_function (user_id, function_id) values (select id from user where email = 'test@email.com', select id from function where name = '帳戶');
insert into user_function (user_id, function_id) values (select id from user where email = 'test@email.com', select id from function where name = '項目');
insert into user_function (user_id, function_id) values (select id from user where email = 'test@email.com', select id from function where name = '登出');